id,romanization,consonant,vowel,syllable_type,glyph_image,display_order
1ab7682e-8248-4df8-8606-cbda9ef03d70,a,,a,vowel_a,row1_a.png,10
d0f2a565-d49a-47c0-961e-d9ec7f177b81,ba,b,a,vowel_a,row1_ba.png,20
edfb8f9f-4d8b-42d8-8566-5a7e7a686c81,ka,k,a,vowel_a,row1_ka.png,30
cbe9031b-c7f3-483b-9e1e-ca0625789e71,da,d,a,vowel_a,row1_da.png,40
e3e7edfc-a35b-45ba-8674-f09e51a61ad9,ga,g,a,vowel_a,row1_ga.png,50
4c9c3bd2-735b-4213-8fe8-9dc025841a23,ha,h,a,vowel_a,row1_ha.png,60
6a108731-4571-43e3-82d7-7685d7d08472,la,l,a,vowel_a,row1_la.png,70
cf96321a-8d78-4732-a7d1-b37cb77a4b89,ma,m,a,vowel_a,row1_ma.png,80
da9f4560-1311-4a07-9839-4cede2e94be3,na,n,a,vowel_a,row1_na.png,90
31dd549a-b064-42f4-85b0-0ef70e78cd38,nga,ng,a,vowel_a,row1_nga.png,100
2dcf37ef-7eb1-4fe4-937d-a9fbefc04031,pa,p,a,vowel_a,row1_pa.png,110
7c52168c-1a65-41be-a4b3-6283ba934cf8,sa,s,a,vowel_a,row1_sa.png,120
f70e1505-3224-4647-a288-f406a704de32,ta,t,a,vowel_a,row1_ta.png,130
76885a81-7f5f-410f-8e53-9e2506c00300,wa,w,a,vowel_a,row1_wa.png,140
04b55ebd-e9d6-4629-a30e-4343c56dce93,ya,y,a,vowel_a,row1_ya.png,150
8ca7ceeb-793b-4546-85d4-9ab676dd84d3,e,,e,vowel_e_i,row2_e_i.png,160
b6de497f-80af-4c4a-82ee-3242c62e2df1,i,,i,vowel_e_i,row2_e_i.png,161
b5ac0445-e550-4d1e-badc-f6531f98b138,be,b,e,vowel_e_i,row2_be_bi.png,171
929a2b20-0f35-4480-91ae-caec8942e493,bi,b,i,vowel_e_i,row2_be_bi.png,172
648793f2-887e-4696-bf1b-18b7fc476e75,ke,k,e,vowel_e_i,row2_ke_ki.png,182
2af04d8a-5c1a-48f0-b0a0-1c9ddb30d9e4,ki,k,i,vowel_e_i,row2_ke_ki.png,183
4020f4a4-0b3d-48af-8991-776bbcc594c6,de,d,e,vowel_e_i,row2_de_di.png,193
fe3bc316-e19b-446a-b0f1-75a7c55c896d,di,d,i,vowel_e_i,row2_de_di.png,194
0ae66686-07fe-4675-bffa-39cf0f5645b3,ge,g,e,vowel_e_i,row2_ge_gi.png,204
756c62c7-9dae-46c8-a176-d1c75ef56fb4,gi,g,i,vowel_e_i,row2_ge_gi.png,205
a6ae512f-5fdb-4921-b9b6-5b6ec3da5641,he,h,e,vowel_e_i,row2_he_hi.png,215
6c59cf0d-d414-4ce6-8c72-613e5b02a692,hi,h,i,vowel_e_i,row2_he_hi.png,216
502c5988-ff2c-4421-a07b-e4f3f252910d,le,l,e,vowel_e_i,row2_le_li.png,226
74c27598-58bf-42dc-8083-03a29cdd4ccb,li,l,i,vowel_e_i,row2_le_li.png,227
32a59f2f-b609-42fd-85f8-a352e3367270,me,m,e,vowel_e_i,row2_me_mi.png,237
dc5e872b-1564-4140-937b-144498c38cf8,mi,m,i,vowel_e_i,row2_me_mi.png,238
951ecd37-678e-4a83-bc3e-0928165a6f97,ne,n,e,vowel_e_i,row2_ne_ni.png,248
45e7c772-7e91-40f0-a543-cf74eb589176,ni,n,i,vowel_e_i,row2_ne_ni.png,249
377f32f6-608f-4d70-8b4e-f7aa6e0a932e,nge,ng,e,vowel_e_i,row2_nge_ngi.png,259
e7be0084-a024-45ee-b9a7-8813a0b212f9,ngi,ng,i,vowel_e_i,row2_nge_ngi.png,260
6abb0463-faa6-4a1f-805d-ecc5eae300c1,pe,p,e,vowel_e_i,row2_pe_pi.png,270
7ffb2eeb-88f9-4f19-bf88-75b64032125f,pi,p,i,vowel_e_i,row2_pe_pi.png,271
80a7445b-e9d5-4ea5-926c-88e1b298d87e,se,s,e,vowel_e_i,row2_se_si.png,281
d67d5182-505d-44b6-9657-16d4f1fd2f79,si,s,i,vowel_e_i,row2_se_si.png,282
29369dd9-5b55-44f8-bca8-0ca830a96279,te,t,e,vowel_e_i,row2_te_ti.png,292
ef3a225e-72b8-4e06-ae84-ddaf04125610,ti,t,i,vowel_e_i,row2_te_ti.png,293
d241925f-a44b-4659-b10e-44ad742eca65,we,w,e,vowel_e_i,row2_we_wi.png,303
f7df8275-7d86-4d94-85e3-be0309670290,wi,w,i,vowel_e_i,row2_we_wi.png,304
9721d8d1-319c-4c04-a196-743742089250,ye,y,e,vowel_e_i,row2_ye_yi.png,314
8c485049-c210-40d2-96cd-5fa288f93a39,yi,y,i,vowel_e_i,row2_ye_yi.png,315
77856fe7-22fd-43c1-aa4f-508fc0382ad1,o,,o,vowel_o_u,row3_o_u.png,325
e076edd4-5e31-4571-a99a-1baa2057c8fa,u,,u,vowel_o_u,row3_o_u.png,326
4a5d9367-4850-4159-9291-d5e19b32b945,bo,b,o,vowel_o_u,row3_bo_bu.png,336
5d108b09-3281-482c-b107-3b0b1a85ce88,bu,b,u,vowel_o_u,row3_bo_bu.png,337
8d17afac-76a0-46f2-8ce8-62545862ddb2,ko,k,o,vowel_o_u,row3_ko_ku.png,347
0a392391-3403-4b66-8231-6c0655f2566e,ku,k,u,vowel_o_u,row3_ko_ku.png,348
9b478f96-eb59-4161-bccb-97e46a3654fb,do,d,o,vowel_o_u,row3_do_du.png,358
5a8e7354-e233-4c9e-857f-21a0aa1d53dc,du,d,u,vowel_o_u,row3_do_du.png,359
4fc2989b-b689-44ab-b2c1-7ebcccb6c13c,go,g,o,vowel_o_u,row3_go_gu.png,369
0414df14-ccf2-43e1-81b9-7c9ed5bd5489,gu,g,u,vowel_o_u,row3_go_gu.png,370
fea64187-4189-42c8-b024-461c221413c7,ho,h,o,vowel_o_u,row3_ho_hu.png,380
99913880-5cb6-43f0-b216-ddc03e9b0c35,hu,h,u,vowel_o_u,row3_ho_hu.png,381
8ba1b694-c294-4234-b5a5-be274b1efb18,lo,l,o,vowel_o_u,row3_lo_lu.png,391
e5e6e10f-1990-4857-b05d-2a247f31e335,lu,l,u,vowel_o_u,row3_lo_lu.png,392
931ea5e2-c86b-4b8a-b2c3-2bfaeff83e62,mo,m,o,vowel_o_u,row3_mo_mu.png,402
76f8f097-5c03-411b-af94-ddbb826d3688,mu,m,u,vowel_o_u,row3_mo_mu.png,403
349502f8-4d7e-4371-b0f4-c7bd63d8dd11,no,n,o,vowel_o_u,row3_no_nu.png,413
82f17ff7-3bea-481a-80ee-5fffddeb2d95,nu,n,u,vowel_o_u,row3_no_nu.png,414
e2a9560c-6525-4f46-9d6c-1d007970e2c7,ngo,ng,o,vowel_o_u,row3_ngo_ngu.png,424
95f0128a-d66c-474e-8022-3d967adf0b0a,ngu,ng,u,vowel_o_u,row3_ngo_ngu.png,425
c78ed310-0242-46cb-b089-5d656f797d63,po,p,o,vowel_o_u,row3_po_pu.png,435
afff7bcb-17fd-4745-8842-79e54092cd60,pu,p,u,vowel_o_u,row3_po_pu.png,436
1eefcedb-170e-465b-b477-2d0640f759fc,so,s,o,vowel_o_u,row3_so_su.png,446
6d0d1d84-5533-4574-8da8-75b45faa5501,su,s,u,vowel_o_u,row3_so_su.png,447
efec1462-54a6-4e2d-aa5c-b2dd89a10c19,to,t,o,vowel_o_u,row3_to_tu.png,457
065435b4-3809-4286-9128-271495554217,tu,t,u,vowel_o_u,row3_to_tu.png,458
21019cdd-7388-4736-b123-427591d01fd5,wo,w,o,vowel_o_u,row3_wo_wu.png,468
10f186ff-31ac-4ce9-ac86-77c7ec901013,wu,w,u,vowel_o_u,row3_wo_wu.png,469
c869d8d6-14a7-4e2f-981c-0937eeb000e7,yo,y,o,vowel_o_u,row3_yo_yu.png,479
61b4e221-b2d8-44bb-8f91-2fde8468b38a,yu,y,u,vowel_o_u,row3_yo_yu.png,480
e36455cf-c613-440e-9e4d-09cf72b0ca27,b,b,,final_consonant,row4_final_b.png,490
2dc300fb-bf23-4048-8f44-0b56919a17ce,k,k,,final_consonant,row4_final_k.png,500
b5e72af8-ff3b-40d1-996f-f68ad30c7134,d,d,,final_consonant,row4_final_d.png,510
3f8e0834-2a99-4206-a2d7-6d8425336a0a,g,g,,final_consonant,row4_final_g.png,520
024099db-a20a-4217-bc2b-f6ed58a0935f,l,l,,final_consonant,row4_final_l.png,530
764df71a-6234-472a-a002-e74d1a636e32,m,m,,final_consonant,row4_final_m.png,540
aba0505c-a94d-4efb-9547-0181439aae98,n,n,,final_consonant,row4_final_n.png,550
66593e94-e066-4221-8115-1a668a98b4f7,ng,ng,,final_consonant,row4_final_ng.png,560
10e8ed5b-8712-4eba-82bf-3df16b8c58c0,p,p,,final_consonant,row4_final_p.png,570
13bfb13b-cc69-495b-89ab-4677161f1d40,s,s,,final_consonant,row4_final_s.png,580
bc0b75c3-668f-4dcd-91de-a087994341f5,t,t,,final_consonant,row4_final_t.png,590
c3effb4b-141a-4b75-8200-ea1c0147486d,w,w,,final_consonant,row4_final_w.png,600
8e46d127-9197-4c6b-82fe-7e17823478f4,y,y,,final_consonant,row4_final_y.png,610
